,enter_time,priority,exit_time,job,time_in_system
1,11.0,1.0,44.31875767856312,1,33.31875767856312
2,16.0,2.0,115.71437784500706,2,99.71437784500706
3,19.0,1.0,104.91764486630599,3,85.91764486630599
4,20.0,0.0,455.7452603571326,4,435.7452603571326
5,33.0,2.0,54.27844219783202,5,21.27844219783202
6,33.0,1.0,34.92527246928497,6,1.9252724692849696
7,44.0,3.0,119.48801583268319,7,75.48801583268319
8,44.0,0.0,379.27822414940744,8,335.27822414940744
9,52.0,2.0,195.35251182179468,9,143.35251182179468
10,58.0,1.0,153.02652668386594,10,95.02652668386594
11,60.0,0.0,319.211301546108,11,259.211301546108
12,69.0,1.0,84.25604049151902,12,15.256040491519016
13,72.0,2.0,187.0131127595177,13,115.0131127595177
14,81.0,0.0,331.30472893564234,14,250.30472893564234
15,82.0,1.0,140.58161170006267,15,58.581611700062666
16,87.0,3.0,158.5953527828894,16,71.59535278288939
17,92.0,2.0,92.33772951857573,17,0.33772951857572764
18,94.0,1.0,125.53481697330542,18,31.534816973305425
19,99.0,0.0,156.81883685703383,19,57.81883685703383
20,108.0,1.0,199.3339407554249,20,91.33394075542489
21,115.0,2.0,254.28399169458604,21,139.28399169458604
22,115.0,0.0,167.83610155821754,22,52.836101558217536
23,119.0,1.0,185.95405802365377,23,66.95405802365377
24,123.0,3.0,141.18616986164204,24,18.186169861642043
25,132.0,1.0,238.24571405035758,25,106.24571405035758
26,136.0,2.0,139.0830469984946,26,3.083046998494609
27,136.0,0.0,198.1092167367858,27,62.10921673678581
28,146.0,1.0,384.4359831918998,28,238.43598319189982
29,150.0,0.0,256.8811965002112,29,106.88119650021122
30,157.0,2.0,177.8426913359876,30,20.84269133598761
31,157.0,1.0,456.744601371495,31,299.744601371495
32,165.0,0.0,199.9848499138597,32,34.984849913859705
33,170.0,1.0,212.34351811804237,33,42.34351811804237
34,171.0,3.0,230.33694134052783,34,59.33694134052783
35,183.0,2.0,314.25160167247196,35,131.25160167247196
36,185.0,0.0,364.6591479778656,36,179.6591479778656
37,185.0,1.0,199.32662891312913,37,14.326628913129127
38,195.0,1.0,545.8636724181708,38,350.86367241817084
39,197.0,2.0,312.37376504695885,39,115.37376504695885
40,206.0,0.0,219.41320184189348,40,13.413201841893482
41,208.0,1.0,222.12665687880792,41,14.126656878807921
42,218.0,3.0,332.0150928106284,42,114.0150928106284
43,220.0,1.0,340.01108869868347,43,120.01108869868347
44,222.0,0.0,243.08746556959625,44,21.087465569596247
45,223.0,2.0,284.9948441896033,45,61.99484418960333
46,234.0,1.0,245.23962423420681,46,11.239624234206815
47,242.0,0.0,636.4752995659796,47,394.47529956597964
48,243.0,2.0,283.74570217556885,48,40.74570217556885
49,251.0,1.0,404.8700239164823,49,153.8700239164823
50,257.0,3.0,319.9114678032816,50,62.911467803281596
51,258.0,0.0,280.3825416402316,51,22.38254164023158
52,262.0,1.0,290.8195652098501,52,28.81956520985011
53,263.0,2.0,393.78092132031657,53,130.78092132031657
54,272.0,1.0,472.0803490659692,54,200.0803490659692
55,282.0,1.0,354.0038938187797,55,72.00389381877972
56,285.0,2.0,308.5402831510097,56,23.540283151009703
57,290.0,1.0,366.0416585320809,57,76.04165853208087
58,291.0,0.0,370.5593865137659,58,79.5593865137659
59,298.0,3.0,303.83638811806605,59,5.836388118066054
60,301.0,2.0,315.07900670188525,60,14.079006701885248
61,304.0,1.0,377.35027488199205,61,73.35027488199205
62,310.0,0.0,599.4664928714144,62,289.4664928714144
63,313.0,1.0,343.60714548720614,63,30.60714548720614
64,321.0,2.0,374.211345113664,64,53.21134511366398
65,330.0,1.0,391.857128414387,65,61.85712841438698
66,333.0,0.0,369.5063948688809,66,36.506394868880875
67,336.0,2.0,1235.6585323462723,67,899.6585323462723
68,341.0,1.0,377.3273415102766,68,36.3273415102766
69,353.0,1.0,395.1676954434339,69,42.1676954434339
70,355.0,2.0,561.2421489499735,70,206.2421489499735
71,357.0,3.0,620.7729032850959,71,263.77290328509594
72,359.0,0.0,359.9612895073226,72,0.96128950732259
73,366.0,1.0,385.14515604139683,73,19.14515604139683
74,372.0,2.0,417.6767506125994,74,45.67675061259939
75,375.0,0.0,516.1704336275781,75,141.17043362757806
76,381.0,1.0,421.0273261541456,76,40.02732615414561
77,395.0,2.0,461.41260924858227,77,66.41260924858227
78,397.0,1.0,525.7734631644672,78,128.77346316446722
79,400.0,0.0,401.8414972135611,79,1.8414972135611265
80,405.0,1.0,476.9952067088483,80,71.99520670884829
81,409.0,3.0,458.1987298852398,81,49.1987298852398
82,414.0,2.0,421.68207599831976,82,7.68207599831976
83,417.0,1.0,532.0019666872801,83,115.00196668728006
84,427.0,1.0,563.2759701536487,84,136.2759701536487
85,430.0,0.0,596.9001056982413,85,166.9001056982413
86,439.0,2.0,477.7573042479992,86,38.75730424799917
87,444.0,1.0,563.221365733017,87,119.22136573301702
88,450.0,3.0,628.9115346281892,88,178.9115346281892
89,455.0,0.0,492.82966844246937,89,37.82966844246937
90,466.0,2.0,468.9597187293738,90,2.959718729373776
91,466.0,1.0,537.180919633477,91,71.18091963347695
92,473.0,1.0,576.50500357559,92,103.50500357558997
93,481.0,0.0,605.7298323958422,93,124.72983239584221
94,483.0,1.0,503.25142347811334,94,20.251423478113338
95,489.0,2.0,556.7967078344221,95,67.79670783442214
96,495.0,3.0,507.9794678901508,96,12.979467890150772
97,495.0,1.0,537.295730261971,97,42.295730261971016
98,503.0,0.0,557.2033240636065,98,54.20332406360649
99,504.0,2.0,505.823363068527,99,1.8233630685269873
100,511.0,1.0,546.8156392317313,100,35.815639231731325
101,523.0,1.0,580.5256476380616,101,57.52564763806163
102,526.0,0.0,617.1901466128097,102,91.19014661280971
103,527.0,2.0,590.8067380811967,103,63.80673808119673
104,534.0,1.0,556.0073197754601,104,22.007319775460132
105,544.0,0.0,726.1997526464756,105,182.19975264647564
106,544.0,1.0,594.7613265259898,106,50.76132652598983
107,548.0,3.0,570.1170079167234,107,22.117007916723423
108,549.0,2.0,596.634771298256,108,47.634771298256055
109,558.0,0.0,610.3471395425594,109,52.347139542559376
110,558.0,1.0,587.028906353245,110,29.02890635324502
111,565.0,2.0,745.5638783393588,111,180.56387833935878
112,572.0,1.0,829.3341300987875,112,257.33413009878745
113,573.0,3.0,696.9108486836567,113,123.9108486836567
114,581.0,0.0,625.8572620146205,114,44.85726201462046
115,590.0,2.0,653.4634309045408,115,63.463430904540814
116,590.0,1.0,590.8249101188258,116,0.8249101188257555
117,592.0,0.0,723.0851575818645,117,131.08515758186445
118,601.0,1.0,646.6604623017314,118,45.6604623017314
119,611.0,0.0,646.0854562810642,119,35.08545628106424
120,613.0,1.0,789.2326932234814,120,176.23269322348142
121,619.0,2.0,657.5200134787726,121,38.520013478772626
122,620.0,1.0,688.1568883680571,122,68.15688836805714
123,624.0,3.0,690.9419193308889,123,66.94191933088894
124,630.0,0.0,698.0227919863862,124,68.02279198638621
125,635.0,1.0,981.464448957069,125,346.46444895706895
126,636.0,2.0,1040.9347406937895,126,404.93474069378954
127,642.0,0.0,676.5425967171434,127,34.5425967171434
128,653.0,1.0,824.2401229179902,128,171.24012291799022
129,655.0,2.0,854.4287808464317,129,199.42878084643166
130,657.0,3.0,757.3837198224218,130,100.38371982242177
131,658.0,0.0,760.6541046592121,131,102.65410465921207
132,666.0,1.0,739.6559521628895,132,73.65595216288955
133,670.0,2.0,678.7722012302929,133,8.772201230292922
134,670.0,0.0,896.9070200227836,134,226.90702002278363
135,678.0,1.0,743.6996539916904,135,65.69965399169041
136,684.0,0.0,765.1290179926461,136,81.12901799264614
137,692.0,1.0,753.8895839082973,137,61.889583908297254
138,694.0,3.0,811.7236886742769,138,117.7236886742769
139,696.0,2.0,712.5311804168924,139,16.531180416892425
140,705.0,1.0,858.9819619382372,140,153.9819619382372
141,709.0,0.0,730.8692105956379,141,21.869210595637924
142,718.0,2.0,721.8581133582663,142,3.858113358266337
143,722.0,1.0,751.0415591060734,143,29.04155910607335
144,725.0,0.0,836.866054553657,144,111.86605455365702
145,732.0,1.0,1030.1424745221204,145,298.14247452212044
146,738.0,3.0,741.8290802163413,146,3.8290802163412536
147,739.0,2.0,809.6876725307104,147,70.68767253071042
148,744.0,1.0,753.9111146751159,148,9.911114675115869
149,745.0,0.0,807.9869059083946,149,62.98690590839465
150,753.0,1.0,876.1121091724096,150,123.11210917240965
151,762.0,2.0,849.0197378589875,151,87.01973785898747
152,763.0,0.0,807.5734830291365,152,44.57348302913647
153,775.0,1.0,853.7885201636991,153,78.7885201636991
154,779.0,0.0,837.9944180799498,154,58.99441807994981
155,783.0,1.0,872.0272672560744,155,89.02726725607442
156,784.0,2.0,908.512683862514,156,124.512683862514
157,788.0,3.0,805.9575197880969,157,17.957519788096874
158,792.0,0.0,847.3061235796756,158,55.306123579675614
159,798.0,1.0,887.767686998945,159,89.76768699894501
160,803.0,2.0,965.3726325444482,160,162.37263254444815
161,809.0,1.0,911.1362188005019,161,102.13621880050187
162,812.0,0.0,1040.2502029655896,162,228.25020296558955
163,815.0,1.0,844.7716823957487,163,29.771682395748712
164,817.0,2.0,877.6570147330458,164,60.6570147330458
165,821.0,3.0,822.7866041465059,165,1.7866041465058515
166,823.0,0.0,895.6979925790286,166,72.69799257902855
167,826.0,1.0,896.2094303556848,167,70.20943035568484
168,835.0,2.0,998.6816672347312,168,163.6816672347312
169,841.0,1.0,875.5761500859593,169,34.576150085959284
170,846.0,0.0,859.070820755238,170,13.070820755237946
171,852.0,2.0,906.1398298110801,171,54.13982981108006
172,855.0,1.0,965.1686359471549,172,110.16863594715494
173,861.0,0.0,1075.36101834742,173,214.36101834741999
174,868.0,3.0,1056.2372937726366,174,188.23729377263658
175,869.0,1.0,869.4325428179177,175,0.43254281791769245
176,870.0,2.0,939.4419751851569,176,69.44197518515693
177,880.0,0.0,930.6356387110978,177,50.63563871109784
178,890.0,1.0,1043.6093095454903,178,153.6093095454903
179,896.0,2.0,906.9546902876613,179,10.954690287661265
180,899.0,0.0,1035.5175353128873,180,136.51753531288728
181,903.0,1.0,962.8186376050795,181,59.818637605079516
182,911.0,3.0,963.7372758439205,182,52.73727584392054
183,915.0,2.0,972.2663382521208,183,57.26633825212082
184,919.0,0.0,1111.321673596692,184,192.3216735966921
185,919.0,1.0,959.824387623582,185,40.82438762358197
186,930.0,1.0,931.9807715447489,186,1.9807715447489045
187,939.0,2.0,1051.4741401013518,187,112.47414010135185
188,939.0,0.0,1092.1092716976505,188,153.10927169765046
189,942.0,1.0,969.8182662710898,189,27.818266271089783
190,947.0,3.0,957.201685110731,190,10.201685110730978
191,959.0,2.0,986.5289181087704,191,27.528918108770426
192,960.0,0.0,1167.0035127436777,192,207.00351274367767
193,961.0,1.0,991.0831906153743,193,30.083190615374292
194,972.0,1.0,1023.7979142151524,194,51.797914215152446
195,976.0,2.0,1324.1034181773307,195,348.1034181773307
196,979.0,0.0,1303.8716553158692,196,324.87165531586925
197,983.0,3.0,1015.0180436538241,197,32.018043653824066
198,984.0,1.0,1068.9466434411859,198,84.94664344118587
199,991.0,2.0,1152.23298562712,199,161.2329856271199
200,997.0,1.0,1041.2109793807654,200,44.210979380765366
201,1000.0,0.0,1071.2195756272606,201,71.21957562726061
202,1003.0,1.0,1037.6558438156073,202,34.65584381560734
203,1008.0,2.0,1044.8905011660468,203,36.89050116604676
204,1012.0,1.0,1032.592062001901,204,20.592062001901013
205,1019.0,0.0,1048.8392613933345,205,29.839261393334482
206,1028.0,3.0,1066.3334824156273,206,38.33348241562726
207,1028.0,2.0,1131.6361324417624,207,103.63613244176236
208,1030.0,1.0,1072.4489342034017,208,42.44893420340168
209,1040.0,0.0,1237.7180176285956,209,197.7180176285956
210,1041.0,2.0,1066.7448156701923,210,25.744815670192338
211,1048.0,1.0,1077.9229963411933,211,29.92299634119331
212,1054.0,0.0,1287.440451150188,212,233.44045115018798
213,1061.0,1.0,1065.6834881494049,213,4.683488149404866
214,1066.0,2.0,1076.8405196731749,214,10.840519673174867
215,1069.0,1.0,1140.852131582626,215,71.85213158262604
216,1072.0,0.0,1098.9621483472883,216,26.96214834728835
217,1075.0,3.0,1173.5543475172979,217,98.55434751729786
218,1083.0,2.0,1255.372412019582,218,172.37241201958204
219,1087.0,1.0,1089.9360102894507,219,2.936010289450678
220,1090.0,0.0,1189.4248242637493,220,99.42482426374931
221,1099.0,2.0,1129.8394656670466,221,30.839465667046625
222,1101.0,1.0,1111.3263874066172,222,10.326387406617187
223,1105.0,0.0,1194.7803196094085,223,89.78031960940848
224,1117.0,3.0,1170.4353625277026,224,53.43536252770264
225,1119.0,1.0,1141.117335761343,225,22.11733576134293
226,1121.0,0.0,1238.840691726198,226,117.84069172619797
227,1124.0,2.0,1234.8603128587579,227,110.86031285875788
228,1133.0,1.0,1133.8243511266803,228,0.8243511266803125
229,1140.0,0.0,1153.9982464008954,229,13.998246400895368
230,1144.0,2.0,1175.1864440669115,230,31.186444066911463
231,1147.0,1.0,1174.070403684795,231,27.07040368479511
232,1161.0,3.0,1528.2346310227217,232,367.2346310227217
233,1162.0,1.0,1258.6579801129749,233,96.65798011297488
234,1164.0,0.0,1333.671295978449,234,169.67129597844905
235,1167.0,2.0,1232.9681869670974,235,65.96818696709738
236,1175.0,0.0,1325.3552809277096,236,150.3552809277096
237,1179.0,1.0,1243.6311054244516,237,64.63110542445156
238,1186.0,1.0,1568.884980482005,238,382.88498048200495
239,1189.0,0.0,1271.044238819994,239,82.044238819994
240,1191.0,2.0,1313.7838010048968,240,122.78380100489676
241,1201.0,1.0,1428.1026927697392,241,227.10269276973918
242,1203.0,3.0,1229.3355833156047,242,26.33558331560471
243,1210.0,0.0,1325.3678390466844,243,115.36783904668437
244,1216.0,2.0,1632.6394592809063,244,416.6394592809063
245,1216.0,1.0,1225.2300238579332,245,9.230023857933247
246,1224.0,0.0,1322.2448947009734,246,98.24489470097342
247,1229.0,1.0,1472.5610135100712,247,243.56101351007123
248,1236.0,2.0,1244.9260559546321,248,8.926055954632147
249,1238.0,3.0,1327.161983662494,249,89.1619836624941
250,1241.0,1.0,1248.6298727922547,250,7.629872792254673
251,1247.0,0.0,1527.951975161625,251,280.9519751616249
252,1253.0,1.0,1412.5947561405624,252,159.59475614056237
253,1257.0,0.0,1423.6909738532763,253,166.69097385327632
254,1260.0,2.0,1563.3483151357987,254,303.34831513579866
255,1267.0,1.0,1394.0950539233725,255,127.09505392337246
256,1273.0,0.0,1500.4008172235267,256,227.4008172235267
257,1280.0,2.0,1435.6394641205172,257,155.63946412051723
258,1280.0,1.0,1345.3236615033857,258,65.32366150338567
259,1285.0,3.0,1430.4564371800857,259,145.4564371800857
260,1294.0,0.0,1347.4376207397822,260,53.43762073978223
261,1295.0,2.0,1420.045857736613,261,125.04585773661302
262,1296.0,1.0,1325.2063910512245,262,29.2063910512245
263,1311.0,2.0,1390.954336659268,263,79.95433665926794
264,1315.0,1.0,1424.0564407366705,264,109.05644073667054
265,1318.0,0.0,1466.3010754486136,265,148.30107544861357
266,1326.0,2.0,1431.3743560710511,266,105.37435607105112
267,1329.0,3.0,1538.4684795071216,267,209.46847950712163
268,1333.0,1.0,1417.8913639856491,268,84.89136398564915
269,1339.0,0.0,1342.0416998859957,269,3.0416998859957403
270,1342.0,1.0,1381.679209961272,270,39.67920996127191
271,1343.0,2.0,1353.630389558225,271,10.630389558225033
272,1355.0,0.0,1528.5606651089251,272,173.56066510892515
273,1358.0,1.0,1403.6480545105258,273,45.64805451052575
274,1363.0,3.0,1385.1089408321823,274,22.10894083218227
275,1365.0,2.0,1512.0346819235324,275,147.0346819235324
276,1370.0,1.0,1409.1655736023704,276,39.16557360237039
277,1379.0,0.0,1465.529819799266,277,86.52981979926608
278,1385.0,1.0,1420.0854939627477,278,35.085493962747705
279,1389.0,2.0,1490.8693662832197,279,101.86936628321973
280,1396.0,1.0,1409.2172329215275,280,13.217232921527511
281,1399.0,0.0,1401.6328812293536,281,2.632881229353643
282,1404.0,1.0,1477.8712165186446,282,73.87121651864459
283,1405.0,3.0,1441.1785955563655,283,36.17859555636551
284,1409.0,2.0,1445.1092185093953,284,36.109218509395305
285,1415.0,1.0,1426.2884588067436,285,11.28845880674362
286,1423.0,0.0,1466.5148866485133,286,43.51488664851331
287,1425.0,1.0,1548.764174030474,287,123.7641740304739
288,1427.0,2.0,1474.1912938330197,288,47.1912938330197
289,1438.0,1.0,1551.2844521429174,289,113.28445214291742
290,1446.0,0.0,1602.797223074024,290,156.79722307402403
291,1447.0,2.0,1615.384947516902,291,168.384947516902
292,1450.0,1.0,1485.4592734681414,292,35.45927346814142
293,1452.0,3.0,1592.3025703120109,293,140.30257031201086
294,1464.0,2.0,1501.9011389132356,294,37.90113891323563
295,1468.0,1.0,1495.4945938518101,295,27.494593851810123
296,1471.0,0.0,1514.525965329074,296,43.5259653290741
297,1479.0,1.0,1583.7020669610467,297,104.70206696104674
298,1480.0,2.0,1566.99278061205,298,86.99278061204996
299,1485.0,0.0,1728.5166025202006,299,243.51660252020065
300,1491.0,1.0,1606.980013549531,300,115.9800135495309
301,1499.0,3.0,1562.1107995937805,301,63.110799593780484
302,1503.0,2.0,1694.421389013696,302,191.42138901369594
303,1504.0,1.0,1601.5948357211676,303,97.59483572116756
304,1510.0,0.0,1695.1655532565387,304,185.16555325653871
305,1521.0,1.0,1662.3539106575508,305,141.35391065755084
306,1526.0,3.0,1575.3149005608361,306,49.31490056083612
307,1526.0,0.0,1640.8766624212653,307,114.87666242126534
308,1529.0,1.0,1593.3479457024487,308,64.34794570244867
309,1531.0,2.0,1625.1759272401057,309,94.1759272401057
310,1535.0,1.0,1667.0193775712967,310,132.01937757129667
311,1546.0,1.0,1576.1263737316524,311,30.126373731652393
312,1552.0,0.0,1584.0312371107075,312,32.03123711070748
313,1553.0,1.0,1629.5711131284256,313,76.57111312842562
314,1557.0,2.0,1582.1776240632498,314,25.177624063249823
315,1563.0,3.0,1674.783517588191,315,111.78351758819099
316,1563.0,1.0,1750.61785118921,316,187.6178511892099
317,1574.0,0.0,1656.606931992431,317,82.6069319924311
318,1575.0,1.0,1630.5997116106864,318,55.59971161068643
319,1577.0,2.0,1695.2185930375913,319,118.21859303759129
320,1587.0,1.0,1639.2235467159965,320,52.22354671599646
321,1594.0,0.0,1675.5058663531772,321,81.50586635317723
322,1597.0,3.0,1979.566667467149,322,382.56666746714905
323,1601.0,1.0,1654.2418494497444,323,53.24184944974445
324,1602.0,2.0,1647.486185911758,324,45.48618591175796
325,1611.0,0.0,1661.1661719319366,325,50.16617193193656
326,1616.0,1.0,1672.601600192406,326,56.60160019240607
327,1620.0,2.0,1647.9141010024587,327,27.914101002458665
328,1631.0,1.0,1647.2907847342794,328,16.29078473427944
329,1634.0,0.0,1644.1506587253255,329,10.150658725325457
330,1635.0,3.0,1731.2408572624913,330,96.24085726249132
331,1640.0,2.0,1645.8286671145156,331,5.828667114515611
332,1651.0,1.0,1769.2610207523967,332,118.26102075239669
333,1653.0,0.0,1715.4555171569366,333,62.455517156936594
334,1657.0,2.0,1814.6677794381342,334,157.66777943813418
335,1663.0,1.0,1956.5180157472419,335,293.51801574724186
336,1671.0,3.0,1713.19672911256,336,42.19672911255998
337,1677.0,0.0,1796.82705099934,337,119.82705099933992
338,1677.0,2.0,1788.283925035404,338,111.28392503540408
339,1677.0,1.0,1689.7882940869365,339,12.788294086936503
340,1687.0,1.0,1864.1577412196987,340,177.15774121969866
341,1693.0,2.0,1751.725522706025,341,58.725522706025004
342,1705.0,0.0,1773.268658995999,342,68.26865899599898
343,1707.0,1.0,1895.0587973055617,343,188.0587973055617
344,1714.0,3.0,1755.2949657927663,344,41.294965792766334
345,1717.0,2.0,1853.9780830274185,345,136.9780830274185
346,1718.0,1.0,1738.9140526524009,346,20.91405265240087
347,1729.0,1.0,1965.532826562086,347,236.53282656208603
348,1731.0,0.0,1757.8783266508974,348,26.878326650897407
349,1735.0,1.0,1806.9765994528957,349,71.9765994528957
350,1740.0,2.0,1743.2186117993933,350,3.2186117993933294
351,1743.0,1.0,1782.4914850923371,351,39.49148509233714
352,1752.0,0.0,1858.813324611975,352,106.81332461197508
353,1752.0,1.0,1860.014067470433,353,108.01406747043302
354,1757.0,2.0,1797.105948157194,354,40.10594815719401
355,1767.0,1.0,1773.637303921958,355,6.637303921957937
356,1768.0,3.0,1802.8772609529872,356,34.87726095298717
357,1769.0,2.0,2045.8303195461494,357,276.83031954614944
358,1770.0,0.0,1926.90236828934,358,156.90236828934007
359,1780.0,2.0,1788.879052565654,359,8.879052565654092
360,1782.0,1.0,1786.855394963921,360,4.855394963921071
361,1787.0,0.0,1869.8813903722075,361,82.88139037220753
362,1795.0,1.0,1866.5874192465142,362,71.58741924651417
363,1798.0,2.0,1916.8206577424721,363,118.82065774247212
364,1808.0,0.0,1872.6393363768095,364,64.63933637680952
365,1809.0,1.0,1831.2425162190218,365,22.24251621902181
366,1821.0,3.0,1855.3026286490008,366,34.30262864900078
367,1821.0,1.0,1884.0442321527169,367,63.04423215271686
368,1822.0,2.0,1996.6394023346475,368,174.63940233464746
369,1828.0,0.0,2072.14455751263,369,244.14455751262994
370,1835.0,1.0,1923.9688349974156,370,88.96883499741557
371,1842.0,2.0,1843.6695772122973,371,1.6695772122973267
372,1844.0,0.0,2316.2477317414214,372,472.2477317414214
373,1850.0,1.0,1867.387691674844,373,17.387691674844064
374,1858.0,1.0,2065.1538792381557,374,207.1538792381557
375,1859.0,2.0,1930.400154691858,375,71.400154691858
376,1862.0,3.0,1978.531287279361,376,116.5312872793611
377,1862.0,0.0,1905.1756644019597,377,43.17566440195969
378,1873.0,1.0,1942.5045732797305,378,69.5045732797305
379,1878.0,0.0,2106.131645597648,379,228.131645597648
380,1882.0,2.0,1907.5644770237332,380,25.56447702373316
381,1890.0,1.0,2535.8821406174857,381,645.8821406174857
382,1898.0,3.0,1908.3114826580666,382,10.311482658066552
383,1899.0,0.0,1916.5967731748167,383,17.59677317481669
384,1899.0,2.0,1899.8166868341898,384,0.8166868341897953
385,1902.0,1.0,1960.5157137111744,385,58.515713711174385
386,1912.0,2.0,1960.9934590609835,386,48.99345906098347
387,1915.0,1.0,1942.7193951482739,387,27.71939514827386
388,1924.0,0.0,2036.1824244529957,388,112.18242445299575
389,1925.0,1.0,1966.2674224700168,389,41.267422470016754
390,1933.0,2.0,1975.4477637740163,390,42.447763774016266
391,1936.0,3.0,2101.994684421389,391,165.99468442138914
392,1940.0,1.0,2018.9478342090094,392,78.94783420900944
393,1944.0,0.0,1966.8046983385298,393,22.80469833852976
394,1950.0,1.0,2014.4954743001563,394,64.49547430015627
395,1962.0,2.0,2057.6959370102772,395,95.69593701027725
396,1962.0,0.0,1971.753087274188,396,9.75308727418792
397,1962.0,1.0,2042.6803536798118,397,80.68035367981179
398,1976.0,3.0,1980.2367253772018,398,4.236725377201765
399,1976.0,1.0,2144.3407714018194,399,168.34077140181944
400,1979.0,2.0,2014.91317187106,400,35.91317187106006
401,1981.0,0.0,1996.3895863167074,401,15.389586316707437
402,1994.0,1.0,2409.0234903527216,402,415.02349035272164
403,2000.0,2.0,2056.6416066284487,403,56.6416066284487
404,2003.0,0.0,2226.889096006169,404,223.88909600616898
405,2013.0,1.0,2014.4991856075528,405,1.4991856075528176
406,2014.0,2.0,2055.790873185827,406,41.79087318582697
407,2020.0,0.0,2047.252851697468,407,27.25285169746803
408,2023.0,3.0,2114.8660228788317,408,91.8660228788317
409,2024.0,1.0,2071.0236291015594,409,47.023629101559436
410,2028.0,2.0,2231.5974667535506,410,203.59746675355063
411,2038.0,1.0,2220.5316914154796,411,182.5316914154796
412,2046.0,0.0,2221.104459704732,412,175.1044597047321
413,2048.0,2.0,2050.1562666664263,413,2.1562666664262906
414,2051.0,1.0,2233.904903017513,414,182.90490301751288
415,2061.0,3.0,2374.6512111098946,415,313.6512111098946
416,2063.0,1.0,2299.065402887045,416,236.0654028870449
417,2066.0,0.0,2099.936559978273,417,33.93655997827318
418,2069.0,2.0,2306.4439485603634,418,237.44394856036342
419,2074.0,1.0,2075.2572807898587,419,1.2572807898586689
420,2076.0,0.0,2123.506822864691,420,47.506822864691
421,2086.0,1.0,2094.168585002806,421,8.16858500280614
422,2090.0,2.0,2096.5166356693367,422,6.516635669336665
423,2090.0,0.0,2093.9352282958444,423,3.935228295844354
424,2098.0,1.0,2182.585881047282,424,84.58588104728187
425,2102.0,3.0,2197.7412291264477,425,95.7412291264477
426,2107.0,1.0,2245.130559656595,426,138.13055965659487
427,2109.0,2.0,2300.6150191786587,427,191.6150191786587
428,2110.0,0.0,2508.3188198311395,428,398.31881983113954
429,2117.0,1.0,2177.8114651118935,429,60.81146511189354
430,2129.0,0.0,2138.3156771353283,430,9.315677135328315
431,2131.0,1.0,2213.5791902715573,431,82.57919027155731
432,2132.0,2.0,2197.601918640791,432,65.60191864079115
433,2143.0,1.0,2196.263110805907,433,53.26311080590722
434,2148.0,0.0,2191.6630104263268,434,43.663010426326764
435,2152.0,2.0,2162.307951045307,435,10.307951045307163
436,2152.0,1.0,2202.2560078733336,436,50.2560078733336
437,2155.0,3.0,2429.550168919348,437,274.5501689193479
438,2162.0,1.0,2251.678126743033,438,89.67812674303286
439,2166.0,0.0,2229.5828666766197,439,63.58286667661969
440,2173.0,1.0,2258.083205487393,440,85.08320548739312
441,2175.0,2.0,2323.9340336997348,441,148.93403369973475
442,2184.0,3.0,2283.787320117186,442,99.78732011718603
443,2186.0,1.0,2311.2095692958246,443,125.20956929582462
444,2188.0,0.0,2328.564784861807,444,140.56478486180686
445,2190.0,2.0,2330.642826638069,445,140.64282663806898
446,2203.0,1.0,2218.138685131243,446,15.138685131243165
447,2205.0,0.0,2215.7466571977125,447,10.746657197712466
448,2212.0,2.0,2235.373750633424,448,23.37375063342415
449,2214.0,1.0,2452.7865873779156,449,238.78658737791557
450,2220.0,0.0,2241.9968552568,450,21.99685525679979
451,2225.0,3.0,2440.769920711305,451,215.76992071130508
452,2229.0,1.0,2292.3610424266108,452,63.361042426610766
453,2236.0,1.0,2389.6151313244136,453,153.6151313244136
454,2238.0,2.0,2251.408073763094,454,13.408073763093853
455,2244.0,0.0,2304.1704078695498,455,60.17040786954976
456,2250.0,1.0,2453.7862388556173,456,203.78623885561728
457,2254.0,2.0,2368.339601903246,457,114.33960190324615
458,2258.0,0.0,2627.8305149502025,458,369.83051495020254
459,2261.0,3.0,2435.050613396786,459,174.05061339678605
460,2261.0,1.0,2274.3986155565926,460,13.398615556592631
461,2272.0,1.0,2275.084119275613,461,3.0841192756129203
462,2276.0,2.0,2515.1172608048573,462,239.11726080485732
463,2285.0,0.0,2598.90262000279,463,313.9026200027902
464,2285.0,1.0,2337.8258903233423,464,52.825890323342264
465,2302.0,2.0,2339.997144890674,465,37.99714489067401
466,2304.0,1.0,2342.802139727112,466,38.80213972711181
467,2308.0,3.0,2328.6374538494792,467,20.637453849479243
468,2311.0,0.0,2376.334645795122,468,65.33464579512201
469,2315.0,1.0,2364.44761863398,469,49.4476186339798
470,2317.0,2.0,2344.77772207174,470,27.777722071739845
471,2322.0,1.0,2361.5714589521767,471,39.57145895217673
472,2333.0,2.0,2493.190120181974,472,160.19012018197418
473,2338.0,1.0,2497.442316574625,473,159.44231657462478
474,2340.0,0.0,2354.9376571967005,474,14.937657196700457
475,2344.0,2.0,2423.8236067981666,475,79.82360679816657
476,2349.0,1.0,2508.637319914515,476,159.63731991451505
477,2353.0,3.0,2392.7084777902346,477,39.70847779023461
478,2357.0,0.0,2473.321173919123,478,116.32117391912288
479,2359.0,1.0,2431.6150300765835,479,72.61503007658348
480,2368.0,0.0,2434.7624160441615,480,66.76241604416145
481,2368.0,1.0,2720.626917632239,481,352.62691763223893
482,2370.0,2.0,2443.052736587567,482,73.05273658756687
483,2385.0,1.0,2407.6897992147387,483,22.68979921473874
484,2391.0,0.0,2414.8015147311576,484,23.801514731157567
485,2393.0,1.0,2415.5883168020623,485,22.58831680206231
486,2395.0,2.0,2582.7853815082776,486,187.78538150827762
487,2403.0,3.0,2484.4361226414367,487,81.43612264143667
488,2405.0,1.0,2429.1106142785497,488,24.110614278549747
489,2406.0,0.0,2463.9983811113375,489,57.998381111337494
490,2412.0,1.0,2413.3846775325155,490,1.384677532515525
491,2414.0,2.0,2465.322664825575,491,51.322664825574975
492,2422.0,0.0,2457.805597827254,492,35.80559782725413
493,2431.0,1.0,2433.981635851377,493,2.9816358513771775
494,2433.0,2.0,2621.909130686064,494,188.90913068606415
495,2438.0,1.0,2534.5270863230458,495,96.52708632304575
496,2440.0,0.0,2534.31773823881,496,94.31773823880985
497,2442.0,3.0,2558.109243469472,497,116.10924346947195
498,2456.0,2.0,2735.2329144186533,498,279.2329144186533
499,2458.0,0.0,2546.624448872216,499,88.62444887221591
500,2459.0,1.0,2491.8525017304983,500,32.85250173049826
501,2473.0,3.0,2538.556676369879,501,65.55667636987891
502,2475.0,1.0,2674.4327496152873,502,199.43274961528732
503,2479.0,2.0,2503.690996102052,503,24.69099610205194
504,2479.0,0.0,2743.124984609284,504,264.1249846092842
505,2493.0,1.0,2521.1976155164034,505,28.197615516403403
506,2499.0,0.0,2584.4434857715246,506,85.44348577152459
507,2500.0,1.0,2518.034808539244,507,18.03480853924384
508,2505.0,2.0,2572.339609502704,508,67.3396095027042
509,2512.0,1.0,2529.1190198906634,509,17.119019890663367
510,2515.0,0.0,2569.9295688230386,510,54.92956882303861
511,2517.0,3.0,2524.0033883927954,511,7.003388392795387
512,2526.0,2.0,2541.2715682164826,512,15.271568216482592
513,2527.0,0.0,2720.3610319984064,513,193.36103199840636
514,2530.0,1.0,2563.0681507953086,514,33.06815079530861
515,2539.0,1.0,2558.150732622324,515,19.150732622324085
516,2540.0,2.0,2590.912825060252,516,50.91282506025209
517,2553.0,3.0,2681.3198079764984,517,128.3198079764984
518,2555.0,0.0,2863.215433159575,518,308.2154331595748
519,2556.0,1.0,2625.4982705213174,519,69.49827052131741
520,2558.0,2.0,2581.5013613004216,520,23.50136130042165
521,2567.0,1.0,2601.3644413839893,521,34.36444138398929
522,2576.0,0.0,2858.679606144877,522,282.6796061448772
523,2576.0,1.0,2629.209392113722,523,53.20939211372206
524,2583.0,2.0,2647.2397083817837,524,64.23970838178366
525,2588.0,1.0,2668.2143957853013,525,80.21439578530135
526,2592.0,3.0,2653.246053234682,526,61.24605323468222
527,2598.0,0.0,2797.571154197866,527,199.57115419786578
528,2601.0,2.0,2625.9771938272434,528,24.977193827243354
529,2608.0,1.0,2623.8339354194427,529,15.833935419442696
530,2613.0,0.0,2615.8984607732546,530,2.8984607732545555
531,2616.0,1.0,2739.072943943764,531,123.07294394376413
532,2630.0,1.0,2739.0630038024083,532,109.06300380240828
533,2633.0,0.0,2877.7427513038892,533,244.74275130388924
534,2635.0,2.0,3084.6528560494553,534,449.6528560494553
535,2640.0,1.0,2846.3610163990884,535,206.36101639908838
536,2651.0,3.0,2683.9792365573007,536,32.97923655730074
537,2652.0,2.0,2869.992725300153,537,217.99272530015287
538,2652.0,1.0,2666.4163970955524,538,14.416397095552384
539,2654.0,0.0,2661.844750508662,539,7.844750508661946
540,2662.0,1.0,2698.7702595391715,540,36.77025953917155
541,2668.0,2.0,2745.728240213833,541,77.72824021383303
542,2675.0,0.0,2833.3887126920545,542,158.38871269205447
543,2676.0,1.0,2685.209286359302,543,9.209286359302041
544,2683.0,3.0,2720.3418384165734,544,37.34183841657341
545,2687.0,1.0,2819.7196195188453,545,132.71961951884532
546,2689.0,2.0,2824.018278981974,546,135.01827898197416
547,2694.0,0.0,2781.1611768193698,547,87.16117681936976
548,2700.0,1.0,2925.0428747126093,548,225.04287471260932
549,2711.0,1.0,2768.9851345339516,549,57.98513453395162
550,2713.0,2.0,2793.609208228332,550,80.60920822833214
551,2714.0,0.0,2772.7775970315824,551,58.777597031582445
552,2726.0,3.0,2775.588108533637,552,49.58810853363684
553,2728.0,1.0,2731.872161307026,553,3.87216130702609
554,2735.0,0.0,2934.8334245225524,554,199.83342452255238
555,2741.0,2.0,2743.630693793577,555,2.6306937935769383
556,2745.0,1.0,2780.9254876188866,556,35.925487618886564
557,2754.0,0.0,2799.1488920059237,557,45.1488920059237
558,2755.0,1.0,2833.1715165054798,558,78.17151650547976
559,2762.0,2.0,2772.1711886995427,559,10.171188699542654
560,2765.0,1.0,2915.258659594858,560,150.25865959485782
561,2772.0,1.0,2981.878297275422,561,209.87829727542203
562,2777.0,0.0,2861.1389330259253,562,84.13893302592533
563,2778.0,3.0,2803.2189136724564,563,25.218913672456438
564,2779.0,2.0,2791.266450320331,564,12.266450320330932
565,2790.0,1.0,2833.6464771542014,565,43.64647715420142
566,2802.0,0.0,2934.3107372134155,566,132.31073721341545
567,2805.0,2.0,2893.7589120375155,567,88.75891203751553
568,2809.0,1.0,2845.1116195603017,568,36.11161956030173
569,2820.0,2.0,3036.036038846323,569,216.0360388463232
570,2821.0,0.0,2861.076983039847,570,40.076983039847164
571,2821.0,1.0,2933.2197735200602,571,112.21977352006024
572,2826.0,3.0,2879.394212117937,572,53.39421211793706
573,2832.0,1.0,2840.6796926816387,573,8.679692681638699
574,2836.0,0.0,2962.710337735676,574,126.71033773567615
575,2838.0,1.0,2937.807857740716,575,99.80785774071592
576,2850.0,1.0,3056.285877669944,576,206.28587766994406
577,2851.0,2.0,2857.800395042797,577,6.800395042796936
578,2854.0,0.0,2901.4603739289355,578,47.460373928935496
579,2856.0,3.0,2934.2062320956106,579,78.20623209561063
580,2861.0,1.0,2904.5323732076417,580,43.53237320764174
581,2868.0,0.0,2994.049923481046,581,126.04992348104588
582,2870.0,1.0,2915.6846251675197,582,45.6846251675197
583,2874.0,2.0,3011.1690745239653,583,137.16907452396526
584,2883.0,3.0,2976.4247438228736,584,93.42474382287355
585,2884.0,0.0,3217.41562747414,585,333.4156274741399
586,2889.0,1.0,2972.1082376105805,586,83.10823761058055
587,2894.0,2.0,2999.5778584676705,587,105.57785846767047
588,2898.0,0.0,2912.3066781570224,588,14.306678157022361
589,2904.0,1.0,2987.2084720377165,589,83.20847203771655
590,2918.0,2.0,2942.2913127928573,590,24.291312792857298
591,2919.0,1.0,3034.270359639373,591,115.27035963937305
592,2924.0,0.0,3076.638759264632,592,152.63875926463197
593,2926.0,3.0,2996.0983553089445,593,70.09835530894452
594,2931.0,1.0,2943.5363888810402,594,12.536388881040239
595,2937.0,2.0,2955.5411436456207,595,18.54114364562065
596,2940.0,1.0,3016.481765922937,596,76.48176592293703
597,2945.0,0.0,3007.1504440695476,597,62.150444069547575
598,2953.0,2.0,2980.751026812018,598,27.751026812018154
599,2953.0,1.0,3037.9435466774657,599,84.94354667746575
600,2964.0,1.0,3113.828960856006,600,149.82896085600578
601,2976.0,0.0,3098.3944955200395,601,122.39449552003953
602,2976.0,1.0,3126.1204171488257,602,150.1204171488257
603,2978.0,2.0,3022.9231119045076,603,44.92311190450755
604,2979.0,3.0,3072.710427695526,604,93.71042769552605
605,2988.0,0.0,3169.8679102966444,605,181.86791029664437
606,2994.0,1.0,2998.251782205409,606,4.251782205409199
607,3000.0,2.0,3013.6679405531863,607,13.667940553186327
608,3005.0,1.0,3074.4296804744226,608,69.42968047442264
609,3011.0,0.0,3045.92940666777,609,34.929406667769854
610,3017.0,2.0,3036.5408532026045,610,19.540853202604467
611,3018.0,3.0,3034.122765373315,611,16.122765373314905
612,3021.0,1.0,3311.26756473661,612,290.26756473661
613,3033.0,0.0,3344.094182365837,613,311.0941823658368
614,3034.0,2.0,3246.916692696682,614,212.91669269668182
615,3036.0,1.0,3079.13604294451,615,43.13604294450988
616,3047.0,1.0,3094.259721936281,616,47.25972193628104
617,3053.0,2.0,3351.9057104482918,617,298.90571044829176
618,3055.0,0.0,3100.838883782441,618,45.83888378244092
619,3062.0,1.0,3085.860753334331,619,23.860753334331093
620,3069.0,3.0,3115.0684976843036,620,46.068497684303566
621,3074.0,1.0,3354.5666034197343,621,280.5666034197343
622,3079.0,2.0,3306.8380017155473,622,227.8380017155473
623,3079.0,0.0,3165.78086840129,623,86.78086840128981
624,3086.0,1.0,3095.2969495992393,624,9.29694959923927
625,3091.0,0.0,3140.3133712276717,625,49.31337122767172
626,3092.0,1.0,3126.365735910442,626,34.3657359104418
627,3101.0,2.0,3285.218136427127,627,184.21813642712686
628,3106.0,1.0,3112.2789856059308,628,6.278985605930757
629,3112.0,3.0,3126.882581683613,629,14.882581683612898
630,3114.0,0.0,3154.0342240690297,630,40.03422406902973
631,3117.0,1.0,3128.302541170782,631,11.302541170782206
632,3128.0,2.0,3369.820558005534,632,241.82055800553417
633,3129.0,1.0,3181.628514619363,633,52.62851461936316
634,3140.0,1.0,3595.5217250898054,634,455.5217250898054
635,3142.0,0.0,3155.4922720005343,635,13.492272000534285
636,3146.0,2.0,3237.4052457728812,636,91.40524577288124
637,3155.0,1.0,3222.2823428412185,637,67.28234284121845
638,3159.0,3.0,3174.9546014078974,638,15.954601407897371
639,3160.0,0.0,3165.5833734028083,639,5.58337340280832
640,3167.0,2.0,3513.8139278224635,640,346.8139278224635
641,3169.0,1.0,3228.7577048555904,641,59.75770485559042
642,3177.0,0.0,3254.6490391873767,642,77.64903918737673
643,3178.0,1.0,3253.7082960857547,643,75.70829608575468
644,3189.0,2.0,3197.2403887220116,644,8.24038872201163
645,3194.0,0.0,3391.604118557102,645,197.60411855710208
646,3197.0,1.0,3230.8350874804355,646,33.835087480435504
647,3199.0,3.0,3283.2538242094874,647,84.25382420948745
648,3206.0,2.0,3296.3655516113386,648,90.36555161133856
649,3210.0,0.0,3228.1803950840917,649,18.180395084091742
650,3212.0,1.0,3231.0857497020597,650,19.08574970205973
651,3224.0,1.0,3262.068587931848,651,38.068587931848015
652,3229.0,1.0,3292.9710401275056,652,63.9710401275056
653,3232.0,0.0,3484.1965572040112,653,252.19655720401124
654,3233.0,2.0,3275.0857672223374,654,42.08576722233738
655,3242.0,3.0,3356.7638262764576,655,114.76382627645762
656,3244.0,1.0,3272.0430508357053,656,28.043050835705344
657,3252.0,0.0,3252.8189295685706,657,0.8189295685706384
658,3254.0,2.0,3292.987331611315,658,38.98733161131486
659,3259.0,1.0,3353.807955425383,659,94.80795542538317
660,3267.0,0.0,3276.2189958024446,660,9.218995802444624
661,3269.0,2.0,3326.7879848813473,661,57.787984881347256
662,3270.0,1.0,3399.9524670565106,662,129.9524670565106
663,3281.0,1.0,3362.1793727718223,663,81.17937277182227
664,3285.0,0.0,3318.119002426645,664,33.119002426644784
665,3286.0,3.0,3308.700183336921,665,22.700183336920873
666,3289.0,2.0,3454.4404519515656,666,165.4404519515656
667,3292.0,1.0,3323.0733902108423,667,31.073390210842263
668,3304.0,0.0,3364.542865334035,668,60.542865334035014
669,3307.0,1.0,3409.3302065376274,669,102.33020653762742
670,3309.0,2.0,3587.8777680581447,670,278.87776805814474
671,3316.0,1.0,3392.969311583426,671,76.96931158342613
672,3318.0,0.0,3564.539461887684,672,246.53946188768396
673,3326.0,2.0,3433.6183737850815,673,107.61837378508153
674,3328.0,1.0,3328.767063762497,674,0.7670637624969459
675,3335.0,0.0,3403.7546017620402,675,68.75460176204024
676,3338.0,3.0,3390.41454739093,676,52.41454739092978
677,3344.0,1.0,3539.073010355522,677,195.073010355522
678,3348.0,2.0,3565.5888687470133,678,217.5888687470133
679,3353.0,1.0,3443.0270927819506,679,90.02709278195061
680,3359.0,0.0,3361.716125881775,680,2.716125881775042
681,3363.0,1.0,3436.920423904067,681,73.92042390406687
682,3369.0,2.0,3382.57203567317,682,13.572035673169921
683,3374.0,0.0,3470.5296546362883,683,96.52965463628834
684,3375.0,3.0,3402.3377890097254,684,27.337789009725384
685,3379.0,1.0,3460.5298675392264,685,81.52986753922642
686,3392.0,0.0,3475.959346564167,686,83.95934656416694
687,3393.0,2.0,3457.2650382751867,687,64.26503827518673
688,3398.0,1.0,3420.3630912618737,688,22.363091261873706
689,3407.0,1.0,3437.1595968763727,689,30.15959687637269
690,3410.0,0.0,3437.318962383943,690,27.318962383943017
691,3417.0,3.0,3434.596172189426,691,17.596172189425943
692,3418.0,1.0,3456.219213458517,692,38.21921345851706
693,3419.0,2.0,3495.4422400974745,693,76.4422400974745
694,3429.0,0.0,3523.3692156680886,694,94.3692156680886
695,3429.0,1.0,3485.558338328282,695,56.558338328281934
696,3438.0,2.0,3446.7167922833546,696,8.716792283354607
697,3438.0,0.0,3445.8542288752524,697,7.854228875252375
698,3446.0,1.0,3556.562851968733,698,110.56285196873296
699,3456.0,3.0,3726.2365246559393,699,270.2365246559393
700,3459.0,0.0,3499.6995809260284,700,40.699580926028375
701,3460.0,1.0,3622.364542310571,701,162.36454231057087
702,3462.0,2.0,3471.045929523551,702,9.045929523550967
703,3472.0,0.0,3544.8497246179363,703,72.84972461793632
704,3472.0,1.0,3503.4160651693073,704,31.41606516930733
705,3481.0,2.0,3509.1412012255996,705,28.141201225599616
706,3481.0,1.0,3495.4367353275156,706,14.436735327515635
707,3492.0,1.0,3564.7249095204334,707,72.72490952043336
708,3493.0,2.0,3680.0369877429725,708,187.03698774297254
709,3495.0,0.0,3504.3192463660757,709,9.319246366075731
710,3506.0,1.0,4005.344659861205,710,499.34465986120495
711,3509.0,3.0,3549.8478331330866,711,40.847833133086624
712,3513.0,2.0,3613.8499512658054,712,100.84995126580543
713,3519.0,0.0,3534.051844385569,713,15.051844385568984
714,3526.0,1.0,3562.2427036211834,714,36.24270362118341
715,3533.0,2.0,3603.783993912681,715,70.78399391268113
716,3537.0,1.0,3559.734070306949,716,22.73407030694898
717,3539.0,0.0,3560.891162047296,717,21.891162047295893
718,3548.0,1.0,3560.107744761118,718,12.107744761117829
719,3553.0,3.0,3557.449248812705,719,4.449248812704809
720,3555.0,2.0,3714.4458125447586,720,159.4458125447586
721,3559.0,1.0,3597.3877075243136,721,38.387707524313555
722,3568.0,0.0,3729.414757713723,722,161.4147577137228
723,3569.0,1.0,3682.889191634906,723,113.88919163490618
724,3572.0,2.0,3719.036409784427,724,147.03640978442718
725,3575.0,1.0,3634.912446272563,725,59.9124462725631
726,3589.0,1.0,3650.134170947749,726,61.134170947749226
727,3591.0,3.0,3649.9503455348,727,58.95034553479991
728,3593.0,0.0,3693.484549670916,728,100.48454967091584
729,3598.0,1.0,3779.586859889075,729,181.58685988907519
730,3602.0,2.0,3657.653177397451,730,55.653177397451145
731,3607.0,1.0,3647.94935597562,731,40.949355975620165
732,3618.0,0.0,3843.413456258452,732,225.4134562584518
733,3618.0,2.0,3661.8422141460546,733,43.84221414605463
734,3621.0,1.0,3787.5763393678358,734,166.57633936783577
735,3632.0,1.0,3645.9343582848,735,13.934358284800055
736,3633.0,0.0,3842.4931046672214,736,209.49310466722136
737,3637.0,2.0,3653.284096635613,737,16.28409663561297
738,3639.0,3.0,3846.8449100156804,738,207.8449100156804
739,3643.0,0.0,3853.433623086224,739,210.4336230862241
740,3646.0,1.0,3669.275925641897,740,23.275925641897175
741,3657.0,2.0,3728.957777902545,741,71.95777790254488
742,3659.0,1.0,3834.6104810309935,742,175.61048103099347
743,3661.0,0.0,3665.9049927941223,743,4.904992794122336
744,3670.0,1.0,3740.1584704862944,744,70.15847048629439
745,3679.0,3.0,3829.4199386250953,745,150.41993862509526
746,3680.0,2.0,3847.6697186750216,746,167.6697186750216
747,3681.0,1.0,3699.4598000819888,747,18.45980008198876
748,3683.0,0.0,3870.9884192191766,748,187.98841921917665
749,3697.0,2.0,3861.987986730164,749,164.9879867301638
750,3701.0,1.0,3741.4640864127014,750,40.46408641270136
751,3701.0,0.0,3744.024105330408,751,43.02410533040802
752,3715.0,1.0,3777.38789726321,752,62.38789726321011
753,3722.0,0.0,3738.8830650789514,753,16.883065078951404
754,3729.0,1.0,3771.2888116256854,754,42.28881162568541
755,3730.0,2.0,3742.5121186730225,755,12.512118673022542
756,3731.0,3.0,4091.310935610689,756,360.31093561068883
757,3736.0,0.0,3894.7458299231766,757,158.74582992317664
758,3742.0,1.0,3756.7475908427045,758,14.74759084270454
759,3751.0,1.0,3845.177030308888,759,94.17703030888788
760,3752.0,2.0,4112.375618512542,760,360.37561851254213
761,3759.0,3.0,3801.024517945721,761,42.02451794572107
762,3759.0,1.0,3941.6970333496697,762,182.6970333496697
763,3763.0,0.0,3991.402401210057,763,228.40240121005718
764,3769.0,1.0,3945.406224989577,764,176.4062249895769
765,3780.0,2.0,3793.667342644262,765,13.667342644262135
766,3781.0,1.0,3903.1566289876982,766,122.15662898769824
767,3783.0,0.0,3805.094900441255,767,22.09490044125505
768,3797.0,1.0,3985.199087043235,768,188.19908704323507
769,3798.0,2.0,3882.564122328688,769,84.56412232868797
770,3799.0,0.0,3932.6284427946866,770,133.62844279468663
771,3800.0,3.0,3945.5928900988533,771,145.59289009885333
772,3809.0,1.0,3837.4102425276037,772,28.410242527603714
773,3813.0,0.0,3868.003393556382,773,55.00339355638198
774,3819.0,1.0,3894.392773110462,774,75.3927731104618
775,3821.0,2.0,3848.8878938961525,775,27.88789389615249
776,3823.0,0.0,4045.6132259191986,776,222.6132259191986
777,3827.0,1.0,3902.6562965856006,777,75.65629658560056
778,3841.0,0.0,3958.518460279302,778,117.51846027930196
779,3843.0,2.0,4329.210034580352,779,486.21003458035193
780,3844.0,1.0,3924.896336022735,780,80.89633602273489
781,3847.0,3.0,3965.600878450931,781,118.60087845093085
782,3856.0,1.0,3955.0486023271183,782,99.04860232711826
783,3862.0,0.0,3863.5118667870943,783,1.5118667870942772
784,3864.0,2.0,3887.5577321430947,784,23.557732143094654
785,3874.0,1.0,4004.6995957000267,785,130.69959570002675
786,3886.0,2.0,3935.686447863628,786,49.68644786362802
787,3887.0,0.0,3912.562237563735,787,25.562237563734925
788,3889.0,1.0,3889.819694255183,788,0.8196942551830944
789,3897.0,3.0,3920.5352783633866,789,23.535278363386624
790,3906.0,0.0,3944.67670814646,790,38.67670814645999
791,3907.0,1.0,3913.6444978732425,791,6.6444978732424715
792,3912.0,2.0,4073.230744896107,792,161.2307448961069
793,3916.0,1.0,4018.3354088711562,793,102.33540887115623
794,3927.0,0.0,4015.3244838147093,794,88.32448381470931
795,3930.0,2.0,4209.288826348418,795,279.2888263484183
796,3930.0,1.0,3960.270880726398,796,30.27088072639799
797,3941.0,3.0,4040.1559344248603,797,99.15593442486033
798,3941.0,0.0,3996.9492400160525,798,55.9492400160525
799,3945.0,1.0,4035.141678409826,799,90.141678409826
800,3951.0,2.0,4031.1485393356784,800,80.14853933567838
801,3956.0,1.0,4191.609782427683,801,235.60978242768306
802,3960.0,0.0,4004.3275875288155,802,44.32758752881546
803,3970.0,2.0,4166.6135953459,803,196.61359534589974
804,3974.0,1.0,4119.992034101278,804,145.99203410127757
805,3979.0,0.0,4052.1544776963224,805,73.15447769632237
806,3983.0,3.0,4142.022962000214,806,159.02296200021374
807,3985.0,2.0,4031.4847522140817,807,46.48475221408171
808,3986.0,1.0,4082.6808144240986,808,96.68081442409857
809,3994.0,0.0,4149.776078543253,809,155.77607854325288
810,4001.0,1.0,4037.3882256673623,810,36.38822566736235
811,4007.0,2.0,4137.70196698024,811,130.7019669802403
812,4009.0,0.0,4030.0380997842394,812,21.03809978423942
813,4010.0,1.0,4403.1863698713305,813,393.1863698713305
814,4021.0,1.0,4024.7098754357326,814,3.709875435732556
815,4023.0,0.0,4107.945553674332,815,84.94555367433168
816,4026.0,3.0,4157.706756526426,816,131.70675652642603
817,4029.0,2.0,4063.0340890038046,817,34.03408900380464
818,4036.0,1.0,4325.512341077281,818,289.51234107728123
819,4038.0,0.0,4047.0071011762257,819,9.00710117622566
820,4042.0,1.0,4042.4673776912987,820,0.46737769129867957
821,4054.0,2.0,4085.30922028749,821,31.309220287490007
822,4057.0,0.0,4158.579015189771,822,101.57901518977087
823,4063.0,1.0,4073.804920037987,823,10.804920037986903
824,4070.0,3.0,4072.146112449712,824,2.1461124497118362
825,4070.0,2.0,4185.92281926383,825,115.9228192638302
826,4077.0,1.0,4447.182097034927,826,370.1820970349272
827,4080.0,0.0,4173.866257205246,827,93.86625720524626
828,4086.0,1.0,4166.441024070551,828,80.44102407055107
829,4090.0,2.0,4158.4159957989095,829,68.41599579890953
830,4098.0,0.0,4202.1763321049775,830,104.17633210497752
831,4103.0,1.0,4114.2236949449525,831,11.223694944952513
832,4109.0,2.0,4176.114919452545,832,67.11491945254511
833,4110.0,3.0,4127.602976920181,833,17.60297692018139
834,4114.0,1.0,4134.5590465071655,834,20.559046507165476
835,4124.0,0.0,4275.855652174549,835,151.8556521745486
836,4126.0,1.0,4144.093793838383,836,18.093793838383135
837,4127.0,2.0,4423.838472620153,837,296.83847262015297
838,4137.0,1.0,4255.606077193404,838,118.60607719340442
839,4142.0,0.0,4242.48357205308,839,100.48357205308002
840,4145.0,2.0,4152.392662976506,840,7.392662976505562
841,4153.0,1.0,4181.1455543422835,841,28.145554342283504
842,4156.0,3.0,4194.604866474522,842,38.60486647452217
843,4162.0,2.0,4579.080005195209,843,417.0800051952092
844,4162.0,1.0,4304.412876994652,844,142.41287699465192
845,4169.0,0.0,4267.369157025729,845,98.36915702572878
846,4171.0,1.0,4350.377204765785,846,179.37720476578488
847,4182.0,2.0,4226.134709150355,847,44.134709150354865
848,4184.0,1.0,4207.341256881072,848,23.341256881071786
849,4189.0,0.0,4224.473337707959,849,35.47333770795922
850,4192.0,3.0,4262.840472727097,850,70.84047272709722
851,4198.0,2.0,4216.028326282261,851,18.028326282261332
852,4199.0,1.0,4265.6701764791405,852,66.67017647914054
853,4209.0,0.0,4257.496714843826,853,48.49671484382634
854,4215.0,2.0,4357.867693009617,854,142.86769300961714
855,4217.0,1.0,4458.575011314487,855,241.5750113144868
856,4219.0,0.0,4306.441435471415,856,87.44143547141539
857,4227.0,3.0,4235.264070441796,857,8.26407044179632
858,4230.0,1.0,4248.015969233247,858,18.015969233247233
859,4239.0,0.0,4320.108500536923,859,81.1085005369232
860,4244.0,1.0,4282.697170352559,860,38.697170352558715
861,4246.0,2.0,4406.805442562532,861,160.80544256253233
862,4252.0,0.0,4341.948662265349,862,89.94866226534941
863,4256.0,1.0,4292.489106496726,863,36.48910649672598
864,4259.0,2.0,4362.99538289482,864,103.99538289482007
865,4267.0,3.0,4473.032489564828,865,206.0324895648282
866,4267.0,1.0,4469.291034169497,866,202.29103416949692
867,4275.0,0.0,4319.17422681032,867,44.17422681031985
868,4286.0,1.0,4393.293867987461,868,107.29386798746145
869,4287.0,2.0,4386.791839757658,869,99.79183975765773
870,4295.0,0.0,4436.80134357556,870,141.80134357556017
871,4301.0,3.0,4334.766594072216,871,33.76659407221632
872,4301.0,1.0,4488.000190923005,872,187.000190923005
873,4313.0,2.0,4478.849537134143,873,165.84953713414325
874,4315.0,1.0,4527.813441577202,874,212.81344157720196
875,4317.0,0.0,4358.811881965947,875,41.81188196594667
876,4328.0,2.0,4377.647337109179,876,49.64733710917881
877,4328.0,1.0,4581.908304137191,877,253.9083041371914
878,4334.0,0.0,4364.476866126833,878,30.476866126832647
879,4339.0,3.0,4347.840343682637,879,8.840343682636558
880,4339.0,1.0,4384.2441545631555,880,45.24415456315546
881,4348.0,1.0,4390.010588541096,881,42.010588541095785
882,4349.0,2.0,4390.616169988872,882,41.61616998887166
883,4359.0,1.0,4538.8965909162625,883,179.89659091626254
884,4363.0,0.0,4418.298510399535,884,55.29851039953519
885,4368.0,2.0,4558.833435003408,885,190.83343500340834
886,4369.0,3.0,4511.463385082554,886,142.46338508255394
887,4377.0,1.0,4614.567996852413,887,237.56799685241276
888,4380.0,2.0,4390.452491054639,888,10.452491054638813
889,4385.0,0.0,4391.54204874771,889,6.542048747710396
890,4391.0,1.0,4421.043167498626,890,30.043167498625735
891,4400.0,2.0,4492.113305050826,891,92.11330505082606
892,4405.0,1.0,4406.095481954143,892,1.095481954142997
893,4409.0,0.0,4468.538092729088,893,59.53809272908802
894,4415.0,3.0,4556.876064329535,894,141.87606432953544
895,4419.0,1.0,4456.167194714906,895,37.167194714906145
896,4422.0,2.0,4648.39145036918,896,226.39145036918035
897,4431.0,1.0,4957.424942010842,897,526.4249420108417
898,4433.0,0.0,4436.860231974646,898,3.8602319746460125
899,4442.0,1.0,4511.056185240173,899,69.05618524017336
900,4447.0,0.0,4538.303736547064,900,91.30373654706364
901,4450.0,2.0,4509.1578677052485,901,59.157867705248464
902,4451.0,1.0,4536.366000858151,902,85.36600085815098
903,4453.0,3.0,4490.756094061864,903,37.75609406186413
904,4465.0,1.0,4560.8477150830895,904,95.8477150830895
905,4469.0,0.0,4554.364725489617,905,85.36472548961683
906,4476.0,1.0,4533.261280485846,906,57.26128048584633
907,4479.0,2.0,4568.610150514839,907,89.610150514839
908,4482.0,3.0,4496.83400418012,908,14.834004180120246
909,4485.0,0.0,4750.518788767769,909,265.51878876776937
910,4489.0,1.0,4739.75554924379,910,250.75554924378957
911,4500.0,0.0,4579.374918132416,911,79.37491813241559
912,4501.0,1.0,4658.427504419654,912,157.42750441965381
913,4504.0,2.0,4683.155504397607,913,179.15550439760682
914,4517.0,1.0,4726.781988718428,914,209.78198871842778
915,4518.0,0.0,4582.135877504695,915,64.13587750469469
916,4522.0,3.0,4524.515854190374,916,2.5158541903738296
917,4524.0,2.0,4640.33549219948,917,116.33549219947963
918,4528.0,1.0,4544.192203419821,918,16.192203419821453
919,4531.0,0.0,4566.27958774791,919,35.27958774791023
920,4542.0,1.0,4702.693655065603,920,160.6936550656028
921,4548.0,2.0,4597.8545805718595,921,49.854580571859515
922,4555.0,3.0,4904.625030649737,922,349.6250306497368
923,4555.0,0.0,4724.958572040902,923,169.95857204090225
924,4558.0,1.0,4578.582255647616,924,20.582255647615966
925,4568.0,2.0,4582.044530770455,925,14.044530770454912
926,4572.0,0.0,4655.343235580671,926,83.34323558067081
927,4577.0,1.0,4680.211339343945,927,103.21133934394493
928,4587.0,2.0,4701.77723483422,928,114.7772348342196
929,4592.0,3.0,4685.768341959867,929,93.76834195986703
930,4592.0,1.0,4784.403856423868,930,192.4038564238681
931,4594.0,0.0,4639.503539878118,931,45.50353987811832
932,4608.0,1.0,4744.421687426235,932,136.4216874262347
933,4613.0,2.0,4790.328882083155,933,177.3288820831549
934,4614.0,1.0,4666.700253591595,934,52.700253591595356
935,4620.0,0.0,4672.45649641509,935,52.45649641509044
936,4624.0,3.0,4657.526691499288,936,33.52669149928806
937,4628.0,1.0,4639.554709067391,937,11.554709067390831
938,4629.0,2.0,4742.85060715569,938,113.85060715569034
939,4636.0,1.0,4647.470715337343,939,11.470715337342881
940,4643.0,0.0,4733.126900820055,940,90.1269008200552
941,4649.0,1.0,4731.775256350748,941,82.77525635074835
942,4656.0,2.0,4668.412432450701,942,12.41243245070109
943,4660.0,1.0,4869.881066801997,943,209.8810668019969
944,4669.0,0.0,4671.706617916314,944,2.706617916313917
945,4671.0,3.0,4739.830651448109,945,68.83065144810917
946,4671.0,1.0,4687.732973003809,946,16.732973003809093
947,4674.0,2.0,4827.557885530224,947,153.55788553022376
948,4680.0,1.0,4934.601283622757,948,254.60128362275736
949,4690.0,1.0,4986.022574389107,949,296.0225743891069
950,4697.0,0.0,4759.920564780897,950,62.92056478089671
951,4701.0,2.0,4956.348544058594,951,255.3485440585937
952,4704.0,1.0,4715.814033289224,952,11.814033289224426
953,4711.0,3.0,4791.751194193854,953,80.75119419385373
954,4711.0,1.0,4811.888067916189,954,100.88806791618936
955,4719.0,0.0,4727.384041026891,955,8.384041026891282
956,4721.0,1.0,4777.0235475135605,956,56.023547513560516
957,4723.0,2.0,4758.633403312685,957,35.633403312685004
958,4736.0,0.0,4778.178095525268,958,42.17809552526796
959,4738.0,2.0,4792.985687162062,959,54.98568716206228
960,4741.0,1.0,4789.14886186643,960,48.1488618664298
961,4749.0,1.0,4780.225800693099,961,31.22580069309879
962,4752.0,2.0,4861.494418409237,962,109.49441840923737
963,4754.0,3.0,4875.724744991597,963,121.72474499159671
964,4755.0,0.0,4864.466724225305,964,109.46672422530537
965,4765.0,1.0,4814.833656735266,965,49.83365673526623
966,4775.0,2.0,,966,
967,4775.0,0.0,4857.202004852951,967,82.20200485295118
968,4777.0,1.0,4849.1259251407255,968,72.12592514072549
969,4789.0,1.0,4825.197450565007,969,36.197450565006875
970,4790.0,3.0,4792.4366691443,970,2.43666914430014
971,4791.0,2.0,4980.239469589318,971,189.2394695893181
972,4801.0,0.0,4862.0985028683735,972,61.098502868373544
973,4802.0,1.0,,973,
974,4813.0,2.0,4823.933656509271,974,10.933656509270804
975,4815.0,1.0,4859.741504633552,975,44.74150463355181
976,4825.0,0.0,4873.181014173287,976,48.18101417328671
977,4829.0,1.0,4915.168199009638,977,86.16819900963765
978,4835.0,3.0,4872.244440958126,978,37.24444095812578
979,4837.0,2.0,4937.792584075844,979,100.79258407584439
980,4843.0,1.0,4914.067505469957,980,71.06750546995681
981,4846.0,0.0,4897.703442630457,981,51.703442630457175
982,4857.0,1.0,4868.4933068682485,982,11.49330686824851
983,4863.0,2.0,,983,
984,4872.0,0.0,4983.634761821257,984,111.63476182125669
985,4875.0,1.0,,985,
986,4877.0,3.0,4904.563235497763,986,27.563235497763344
987,4882.0,1.0,4924.930710131087,987,42.930710131086926
988,4883.0,2.0,,988,
989,4886.0,0.0,4967.323758277186,989,81.32375827718624
990,4893.0,1.0,4972.886143367255,990,79.88614336725459
991,4899.0,0.0,,991,
992,4900.0,2.0,4988.119811434404,992,88.11981143440426
993,4907.0,1.0,4921.535257677115,993,14.535257677114714
994,4915.0,0.0,,994,
995,4916.0,3.0,,995,
996,4918.0,2.0,4923.224238052825,996,5.224238052825058
997,4918.0,1.0,4930.117699895607,997,12.117699895607075
998,4932.0,0.0,,998,
999,4933.0,1.0,,999,
1000,4935.0,2.0,4988.676929136114,1000,53.67692913611427
1001,4946.0,0.0,,1001,
1002,4950.0,1.0,,1002,
1003,4953.0,2.0,,1003,
1004,4961.0,3.0,4993.87822883912,1004,32.87822883912031
1005,4962.0,1.0,,1005,
1006,4968.0,0.0,,1006,
1007,4976.0,2.0,,1007,
1008,4978.0,1.0,,1008,
1009,4984.0,0.0,,1009,
1010,4988.0,1.0,,1010,
1011,4989.0,2.0,,1011,
